{
  "avg_chunks": 34,
  "concurrency": 50,
  "endpoint": "chat",
  "errors": 0,
  "requests": 1000,
  "rps": 6448.035283649072,
  "successful": 1000,
  "total_latency": {
    "max_us": 25305,
    "min_us": 1001,
    "p50_us": 6747,
    "p95_us": 13454.649999999998,
    "p99_us": 18250.249999999996
  },
  "ttfb": {
    "max_us": 23919,
    "min_us": 535,
    "p50_us": 6420,
    "p95_us": 12288.8,
    "p99_us": 14969.529999999999
  },
  "wall_time_ms": 155
}
