{
  "avg_chunks": 34,
  "concurrency": 50,
  "endpoint": "chat",
  "errors": 0,
  "requests": 1000,
  "rps": 3929.187537806888,
  "successful": 1000,
  "total_latency": {
    "max_us": 19052,
    "min_us": 4722,
    "p50_us": 12662,
    "p95_us": 14870.1,
    "p99_us": 17440.979999999996
  },
  "ttfb": {
    "max_us": 17854,
    "min_us": 1933,
    "p50_us": 12127,
    "p95_us": 14262.949999999999,
    "p99_us": 17257.29
  },
  "wall_time_ms": 254,
  "resources": {
    "peak_rss_mb": 49.9,
    "avg_rss_mb": 49.9,
    "avg_cpu_pct": 10.0
  }
}
